{
    "loss": 0.9850164651870728,
    "accuracy": 0.8928571343421936
}